{
  "environment" : "unittest",
  "summary" : "This is Skypro Python course.",
  "title" : "skypro_api_lesson_13",
  "authors" : [
    "Artur Karapetov"
  ],
  "programming_language" : "Python",
  "language" : "en",
  "course_type" : "PyCharm",
  "items" : [
    {
      "title" : "lesson1",
      "task_list" : [
        {
          "name" : "task5",
          "files" : {
            "task.py" : {
              "name" : "task.py",
              "placeholders" : [ ],
              "is_visible" : true,
              "text" : "import json\nfrom operator import itemgetter\n\nfrom flask import Flask, render_template, request\n\napp = Flask(__name__)\n\navia_tickets = [\n    {\n        \"from\": {\n            \"country\": \"Russia\",\n            \"airport\": \"DME\",\n        },\n        \"to\": {\n            \"country\": \"USA\",\n            \"airport\": \"LAX\",\n        },\n        \"price\": 78634,\n        \"available\": True,\n        \"date\": \"2011-03-16\",\n    },\n    {\n        \"from\": {\n            \"country\": \"Russia\",\n            \"airport\": \"SVO\",\n        },\n        \"to\": {\n            \"country\": \"USA\",\n            \"airport\": \"ATL\",\n        },\n        \"price\": 87909,\n        \"available\": False,\n        \"date\": \"2011-03-14\",\n    },\n    {\n        \"from\": {\n            \"country\": \"Russia\",\n            \"airport\": \"VKO\",\n        },\n        \"to\": {\n            \"country\": \"USA\",\n            \"airport\": \"ORD\",\n        },\n        \"price\": 19000,\n        \"available\": True,\n        \"date\": \"2011-02-11\",\n    },\n]\n\n\n@app.route('/get_tickets')\ndef get_tickets():\n    response = avia_tickets\n    price_filter = request.args.get('price')\n    splitted = price_filter.split(\":\")\n    op = splitted[0]\n    price = int(splitted[1])\n    if price is not None:\n        response = []\n        for t in avia_tickets:\n            if op == \"gt\":\n                if t.get(\"price\") > price:\n                    response.append(t)\n            elif op == \"lt\":\n                if t.get(\"price\") < price:\n                    response.append(t)\n    return json.dumps(response)\n\n\nif __name__ == '__main__':\n    app.run()"
            },
            "tests/test_task.py" : {
              "name" : "tests/test_task.py",
              "placeholders" : [ ],
              "is_visible" : false,
              "text" : "import json\nimport unittest\n\nfrom task import app\n\n\n# todo: replace this with an actual test\nclass TestCase(unittest.TestCase):\n    def test_gt(self):\n        with app.app_context():\n            address = \"/get_tickets?price=gt:19000\"\n            app.testing = True\n            response = app.test_client().get(address)\n        self.assertEqual(response.status_code, 200, msg=\"Не правильно работает фильтрация gt:19000\")\n        response_json = json.loads(response.data)\n        self.assertEqual(response_json, [\n            {\n                \"from\": {\n                    \"country\": \"Russia\",\n                    \"airport\": \"DME\",\n                },\n                \"to\": {\n                    \"country\": \"USA\",\n                    \"airport\": \"LAX\",\n                },\n                \"price\": 78634,\n                \"available\": True,\n                \"date\": \"2011-03-16\",\n            },\n            {\n                \"from\": {\n                    \"country\": \"Russia\",\n                    \"airport\": \"SVO\",\n                },\n                \"to\": {\n                    \"country\": \"USA\",\n                    \"airport\": \"ATL\",\n                },\n                \"price\": 87909,\n                \"available\": False,\n                \"date\": \"2011-03-14\",\n            }\n        ])\n\n    def test_lt(self):\n        with app.app_context():\n            address = \"/get_tickets?price=lt:87909\"\n            app.testing = True\n            response = app.test_client().get(address)\n        self.assertEqual(response.status_code, 200, msg=\"Не правильно работает фильтрация gt:19000\")\n        response_json = json.loads(response.data)\n        self.assertEqual(response_json, [\n            {\n                \"from\": {\n                    \"country\": \"Russia\",\n                    \"airport\": \"DME\",\n                },\n                \"to\": {\n                    \"country\": \"USA\",\n                    \"airport\": \"LAX\",\n                },\n                \"price\": 78634,\n                \"available\": True,\n                \"date\": \"2011-03-16\",\n            },\n            {\n                \"from\": {\n                    \"country\": \"Russia\",\n                    \"airport\": \"VKO\",\n                },\n                \"to\": {\n                    \"country\": \"USA\",\n                    \"airport\": \"ORD\",\n                },\n                \"price\": 19000,\n                \"available\": True,\n                \"date\": \"2011-02-11\",\n            },\n        ])\n"
            },
            "__init__.py" : {
              "name" : "__init__.py",
              "placeholders" : [ ],
              "is_visible" : false,
              "text" : ""
            },
            "tests/__init__.py" : {
              "name" : "tests/__init__.py",
              "placeholders" : [ ],
              "is_visible" : false,
              "text" : ""
            }
          },
          "description_text" : "<html>\n\n<h2>Задача 5</h2>\n\n<p>Прочитайте код, там роут поддерживающий фильтрацию по полю price с операцией equal, надо добавить поддержку\n    фильтрации Greater Than (gt) и Lower Than (lt)</p>\n\nПримеры ответов:\n<p>URL: /get_tickets?price=gt:19000</p>\n\n<div>\n    [\n    {\n    \"from\": {\n    \"country\": \"Russia\",\n    \"airport\": \"DME\",\n    },\n    \"to\": {\n    \"country\": \"USA\",\n    \"airport\": \"LAX\",\n    },\n    \"price\": 78634,\n    \"available\": True,\n    \"date\": \"2011-03-16\",\n    },\n    {\n    \"from\": {\n    \"country\": \"Russia\",\n    \"airport\": \"SVO\",\n    },\n    \"to\": {\n    \"country\": \"USA\",\n    \"airport\": \"ATL\",\n    },\n    \"price\": 87909,\n    \"available\": False,\n    \"date\": \"2011-03-14\",\n    }\n    ]\n</div>\n\n<br>\n\n<p>URL: /get_tickets?price=lt:87909</p>\n\n<div>\n    [\n    {\n    \"from\": {\n    \"country\": \"Russia\",\n    \"airport\": \"DME\",\n    },\n    \"to\": {\n    \"country\": \"USA\",\n    \"airport\": \"LAX\",\n    },\n    \"price\": 78634,\n    \"available\": True,\n    \"date\": \"2011-03-16\",\n    },\n    {\n    \"from\": {\n    \"country\": \"Russia\",\n    \"airport\": \"VKO\",\n    },\n    \"to\": {\n    \"country\": \"USA\",\n    \"airport\": \"ORD\",\n    },\n    \"price\": 19000,\n    \"available\": True,\n    \"date\": \"2011-02-11\",\n    },\n    ]\n</div>\n\n</html>",
          "description_format" : "HTML",
          "feedback_link" : {
            "link_type" : "STEPIK"
          },
          "task_type" : "edu"
        },
        {
          "name" : "task6",
          "files" : {
            "__init__.py" : {
              "name" : "__init__.py",
              "placeholders" : [ ],
              "is_visible" : false,
              "text" : ""
            },
            "tests/__init__.py" : {
              "name" : "tests/__init__.py",
              "placeholders" : [ ],
              "is_visible" : false,
              "text" : ""
            },
            "task.py" : {
              "name" : "task.py",
              "placeholders" : [ ],
              "is_visible" : true,
              "text" : "import json\n\nfrom flask import Flask, request\n\napp = Flask(__name__)\n\n\n@app.route('/get_users')\ndef get_users():\n    with open('users.txt') as json_file:\n        users = json.load(json_file)\n        d = json.dumps(users)\n        return d, 200\n\n\n@app.route('/get_user/<int:id>')\ndef get_user(id: int):\n    with open('users.txt') as json_file:\n        users = json.load(json_file)\n        for u in users:\n            if u.get(\"id\") == id:\n                return json.dumps(u), 200\n    return \"\", 404\n\n\n@app.route('/create_user', methods=['POST'])\ndef create_user():\n    users = None\n    with open('users.txt') as json_file:\n        users = json.load(json_file)\n        data = request.get_json()\n        if not data:\n            return \"\", 400\n        users.append(data)\n        return \"\", 201\n\n\nif __name__ == '__main__':\n    app.run()\n"
            },
            "tests/test_task.py" : {
              "name" : "tests/test_task.py",
              "placeholders" : [ ],
              "is_visible" : false,
              "text" : "import json\nimport unittest\n\nfrom task import app\n\n\n# todo: replace this with an actual test\nclass TestCase(unittest.TestCase):\n    def test_get_user(self):\n        with app.app_context():\n            address = \"/get_user/1\"\n            app.testing = True\n            response = app.test_client().get(address)\n        self.assertEqual(response.status_code, 200, msg=\"bad request\")\n        response_json = json.loads(response.data)\n        self.assertEqual(response_json, {\n            \"id\": 1,\n            \"name\": \"Ivan\",\n            \"age\": 34,\n            \"is_blocked\": False\n        })\n\n    def test_get_users(self):\n        with app.app_context():\n            address = \"/get_users\"\n            app.testing = True\n            response = app.test_client().get(address)\n        self.assertEqual(response.status_code, 200, msg=\"bad request\")\n        response_json = json.loads(response.data)\n        self.assertEqual(response_json, [\n            {\n                \"id\": 1,\n                \"name\": \"Ivan\",\n                \"age\": 34,\n                \"is_blocked\": False\n            },\n            {\n                \"id\": 2,\n                \"name\": \"Peter\",\n                \"age\": 23,\n                \"is_blocked\": True\n            }\n        ], msg=\"Ошибка получения всех пользователей - не те пользователи\")\n\n    def test_create_user(self):\n        with app.app_context():\n            address = \"/create_user\"\n            app.testing = True\n            response = app.test_client().post(address, json={\n                \"id\": 3,\n                \"name\": \"Maxim\",\n                \"age\": 90,\n                \"is_blocked\": False\n            })\n        self.assertEqual(response.status_code, 201, msg=\"Ошибка создания пользователя\")\n"
            },
            "users.txt" : {
              "name" : "users.txt",
              "placeholders" : [ ],
              "is_visible" : true,
              "text" : "[{\"id\": 1, \"name\": \"Ivan\", \"age\": 34, \"is_blocked\": false}, {\"id\": 2, \"name\": \"Peter\", \"age\": 23, \"is_blocked\": true}]"
            }
          },
          "description_text" : "<html>\n\n<h2>Задача 6</h2>\n\n<p>Создать 3 роута и 3 представления, которые будут представлять собой API (вызов метода по сути) со следующим\n    функционалом:</p>\n\n<ul>\n    <li>Получить пользователя по идентификатору (/get_user)</li>\n    <li>Получить всех пользователей (/get_users)</li>\n    <li>Создать пользователя (/create_user)</li>\n</ul>\n\n</html>",
          "description_format" : "HTML",
          "feedback_link" : {
            "link_type" : "STEPIK"
          },
          "task_type" : "edu"
        },
        {
          "name" : "task4",
          "files" : {
            "task.py" : {
              "name" : "task.py",
              "placeholders" : [ ],
              "is_visible" : true,
              "text" : "# app.py\nimport json\nfrom operator import itemgetter\n\nfrom flask import Flask, render_template, request\n\napp = Flask(__name__)\n\n\n@app.route('/salary/<int:salary>')\ndef user_salary(salary: int):\n    # get parameter from query path\n    name = request.args.get('name')\n    # get and check parameter from segment of URL\n    r = {\n        \"name\": name,\n        \"salary\": salary\n    }\n    return json.dumps(r)\n\n\nif __name__ == '__main__':\n    app.run()"
            },
            "tests/test_task.py" : {
              "name" : "tests/test_task.py",
              "placeholders" : [ ],
              "is_visible" : false,
              "text" : "import json\nimport unittest\n\nfrom task import app\n\n\n# todo: replace this with an actual test\nclass TestCase(unittest.TestCase):\n    def test_get_user(self):\n        with app.app_context():\n            address = \"/salary/32?name=artur\"\n            app.testing = True\n            response = app.test_client().get(address)\n        self.assertEqual(response.status_code, 200, msg=\"bad request\")\n        response_json = json.loads(response.data)\n        self.assertEqual(response_json.get(\"name\"), \"artur\")\n        self.assertEqual(response_json.get(\"salary\"), 32)"
            },
            "__init__.py" : {
              "name" : "__init__.py",
              "placeholders" : [ ],
              "is_visible" : false,
              "text" : ""
            },
            "tests/__init__.py" : {
              "name" : "tests/__init__.py",
              "placeholders" : [ ],
              "is_visible" : false,
              "text" : ""
            }
          },
          "description_text" : "<html>\n<h2>Задача 4</h2>\n<p>\nДано:\nКод получения параметра sort из query path и test сегмента URL\n</p>\n\n<p>\nНадо:\nСделать другой роут и получить параметр name из query path и размер заработной платы (salary) из сегмента URL /salary/< salary > их отдать его клиенту через запятую\n</p>\n<p>\n    Пример запроса:\n    /salary/32?name=artur\n</p>\n<p>\n    Пример ответа:\n    {\n    “name”: artur,\n    “salary”: 32\n    }\n</p>\n</html>",
          "description_format" : "HTML",
          "feedback_link" : {
            "link_type" : "STEPIK"
          },
          "task_type" : "edu"
        }
      ],
      "type" : "lesson"
    }
  ],
  "version" : 11
}